mode,case_id,case,replicate,order,iterations,native_ns,julia_ns,native_checksum,julia_checksum,julia_alloc_bytes,rss_before_kib,rss_after_kib,load_before,load_after,cpu_freq_before_khz,cpu_freq_after_khz,cpu_busy_fraction,scheduler_wait_fraction,contaminated
full,1,resource_retain,1,native_first,100000,295450,12692959,100000,100000,11456,366856,368424,7.91,7.91,4288824,4288774,0.09411764705882353,0.0,false
full,1,resource_retain,2,julia_first,100000,295710,11846063,100000,100000,11456,368460,368460,7.91,7.91,4288818,4292168,0.06493506493506493,0.0,false
full,1,resource_retain,3,native_first,100000,294929,11881129,100000,100000,11456,368612,368612,7.91,7.91,4288793,4292154,0.07692307692307693,0.0,false
full,1,resource_retain,4,julia_first,100000,292475,11868345,100000,100000,11456,368612,368612,7.91,7.91,4292188,4292117,0.08974358974358974,0.0,false
full,1,resource_retain,5,native_first,100000,292956,11884896,100000,100000,11456,368612,368612,7.91,7.91,4292142,4292145,0.0759493670886076,0.0,false
full,1,resource_retain,6,julia_first,100000,294048,11880137,100000,100000,11456,368612,368612,7.91,7.91,4288776,4288782,0.12658227848101267,0.0,false
full,1,resource_retain,7,native_first,100000,298295,11858075,100000,100000,11456,368612,368612,7.91,7.91,4288765,4292154,0.11392405063291139,0.0,false
full,1,resource_retain,8,julia_first,100000,292885,11872824,100000,100000,11456,368612,368612,7.91,7.91,4288801,4292113,0.1282051282051282,0.0,false
full,1,resource_retain,9,native_first,100000,297584,11870889,100000,100000,11456,368612,368612,7.91,7.91,4292121,4288764,0.08974358974358974,0.0,false
full,1,resource_retain,10,julia_first,100000,294759,11901147,100000,100000,11456,368612,368612,7.91,7.91,4292104,4292200,0.08536585365853659,0.0,false
full,1,resource_retain,11,native_first,100000,296242,11827037,100000,100000,11456,368612,368612,7.91,7.92,4288819,4292178,0.10126582278481013,0.0,false
full,2,dictionary_query,1,native_first,30000,183137,687954,90000,90000,256,368668,368668,7.92,7.92,4288802,4292139,0.0,0.0,false
full,2,dictionary_query,2,julia_first,30000,182456,672565,90000,90000,256,368668,368668,7.92,7.92,4292120,4292214,0.14285714285714285,0.0,false
full,2,dictionary_query,3,native_first,30000,183548,664179,90000,90000,256,368668,368668,7.92,7.92,4288811,4288810,0.14285714285714285,0.0,false
full,2,dictionary_query,4,julia_first,30000,189249,658769,90000,90000,256,368668,368668,7.92,7.92,4288803,4288815,0.0,0.0,false
full,2,dictionary_query,5,native_first,30000,188978,658138,90000,90000,256,368668,368668,7.92,7.92,4292210,4288767,0.0,0.0,false
full,2,dictionary_query,6,julia_first,30000,182286,671994,90000,90000,256,368668,368668,7.92,7.92,4292147,4288753,0.14285714285714285,0.0,false
full,2,dictionary_query,7,native_first,30000,182546,670491,90000,90000,256,368668,368668,7.92,7.92,4288802,4288831,0.0,0.0,false
full,2,dictionary_query,8,julia_first,30000,182375,674769,90000,90000,256,368668,368668,7.92,7.92,4292107,4288779,0.14285714285714285,0.0,false
full,2,dictionary_query,9,native_first,30000,189349,659801,90000,90000,256,368668,368668,7.92,7.92,4288785,4292134,0.14285714285714285,0.0,false
full,2,dictionary_query,10,julia_first,30000,182276,671363,90000,90000,256,368668,368668,7.92,7.92,4292135,4292152,0.0,0.0,false
full,2,dictionary_query,11,native_first,30000,191363,657998,90000,90000,256,368668,368668,7.92,7.92,4288803,4288814,0.16666666666666666,0.0,false
full,3,dictionary_snapshot,1,native_first,20000,61446,17026065,20000,20000,19456,368672,368672,7.92,7.92,4292146,4288804,0.08771929824561403,0.0,false
full,3,dictionary_snapshot,2,julia_first,20000,56497,16933109,20000,20000,19456,368672,368672,7.92,7.92,4288767,4292121,0.08849557522123894,0.0,false
full,3,dictionary_snapshot,3,native_first,20000,59142,16966172,20000,20000,19456,368672,368672,7.92,7.92,4288720,4292185,0.09090909090909091,0.0,false
full,3,dictionary_snapshot,4,julia_first,20000,56768,16897642,20000,20000,19456,368672,368672,7.92,7.92,4288803,4288772,0.10434782608695652,0.0,false
full,3,dictionary_snapshot,5,native_first,20000,56697,16891048,20000,20000,19456,368672,368672,7.92,7.92,4288750,4288819,0.1,0.0,false
full,3,dictionary_snapshot,6,julia_first,20000,56347,16977803,20000,20000,19456,368672,368672,7.92,7.92,4288802,4292138,0.0990990990990991,0.0,false
full,3,dictionary_snapshot,7,native_first,20000,56607,17084024,20000,20000,19456,368672,368672,7.92,7.92,4288764,4288740,0.0990990990990991,0.0,false
full,3,dictionary_snapshot,8,julia_first,20000,60815,17201808,20000,20000,19456,368672,368672,7.92,7.92,4288747,4292205,0.08620689655172414,0.0,false
full,3,dictionary_snapshot,9,native_first,20000,56618,17231945,20000,20000,19456,368672,368672,7.92,7.92,4292189,4292109,0.08695652173913043,0.0,false
full,3,dictionary_snapshot,10,julia_first,20000,76154,17483182,20000,20000,19456,368672,368672,7.92,7.92,4288714,4292196,0.11016949152542373,0.0,false
full,3,dictionary_snapshot,11,native_first,20000,59773,17247544,20000,20000,19456,368672,368672,7.92,7.92,4288832,4292097,0.08035714285714286,0.0,false
full,4,dictionary_visit,1,native_first,15000,128143,903553,90000,90000,24256,368680,368680,7.92,7.92,4288785,4288809,0.0,0.0,false
full,4,dictionary_visit,2,julia_first,15000,116692,928922,90000,90000,24256,368680,368680,7.92,7.92,4288803,4288815,0.0,0.0,false
full,4,dictionary_visit,3,native_first,15000,116300,899015,90000,90000,24256,368680,368680,7.92,7.92,4292151,4292143,0.0,0.0,false
full,4,dictionary_visit,4,julia_first,15000,120128,899746,90000,90000,24256,368680,368680,7.92,7.92,4292173,4292199,0.0,0.0,false
full,4,dictionary_visit,5,native_first,15000,122292,880590,90000,90000,24256,368680,368680,7.92,7.92,4292228,4288717,0.0,0.0,false
full,4,dictionary_visit,6,julia_first,15000,123224,913122,90000,90000,24256,368680,368680,7.92,7.92,4288757,4292130,0.0,0.0,false
full,4,dictionary_visit,7,native_first,15000,127813,892793,90000,90000,24256,368680,368680,7.92,7.92,4288745,4288819,0.14285714285714285,0.0,false
full,4,dictionary_visit,8,julia_first,15000,127472,899376,90000,90000,24256,368680,368680,7.92,7.92,4288885,4288799,0.18181818181818182,0.0,false
full,4,dictionary_visit,9,native_first,15000,122352,894035,90000,90000,24256,368680,368680,7.92,7.92,4288781,4288807,0.0,0.0,false
full,4,dictionary_visit,10,julia_first,15000,120429,897472,90000,90000,24256,368680,368680,7.92,7.92,4292138,4288760,0.0,0.0,false
full,4,dictionary_visit,11,native_first,15000,121140,892813,90000,90000,24256,368680,368680,7.92,7.92,4292085,4288816,0.14285714285714285,0.0,false
full,5,dictionary_graph,1,native_first,10000,71927,2968138,30000,30000,70656,368700,368700,7.92,7.92,4288818,4288812,0.1,0.0,false
full,5,dictionary_graph,2,julia_first,10000,71466,2968819,30000,30000,70656,368700,368700,7.92,7.92,4288873,4285457,0.05,0.0,false
full,5,dictionary_graph,3,native_first,10000,76895,2925527,30000,30000,70656,368700,368700,7.92,7.92,4288806,4288766,0.1,0.0,false
full,5,dictionary_graph,4,julia_first,10000,71556,2933042,30000,30000,70656,368700,368700,7.92,7.92,4288731,4288773,0.1,0.0,false
full,5,dictionary_graph,5,native_first,10000,85392,2920688,30000,30000,70656,368700,368700,7.92,7.92,4288772,4288797,0.13043478260869565,0.0,false
full,5,dictionary_graph,6,julia_first,10000,71455,2922291,30000,30000,70656,368700,368700,7.92,7.92,4288817,4288869,0.1,0.0,false
full,5,dictionary_graph,7,native_first,10000,71966,2889339,30000,30000,70656,368700,368700,7.92,7.92,4288778,4288782,0.1,0.0,false
full,5,dictionary_graph,8,julia_first,10000,71646,2939924,30000,30000,70656,368700,368700,7.92,7.92,4292185,4288808,0.14285714285714285,0.0,false
full,5,dictionary_graph,9,native_first,10000,72056,2920898,30000,30000,70656,368700,368700,7.92,7.92,4292139,4288752,0.05555555555555555,0.0,false
full,5,dictionary_graph,10,julia_first,10000,76776,2920228,30000,30000,70656,368700,368700,7.92,7.92,4288767,4288834,0.14285714285714285,0.0,false
full,5,dictionary_graph,11,native_first,10000,71897,2882275,30000,30000,70656,368700,368700,7.92,7.92,4292145,4288789,0.10526315789473684,0.0,false
full,6,entry_page,1,native_first,5000,124296,8958327,15000,15000,126656,368708,368708,7.92,7.92,4292128,4292183,0.09523809523809523,0.0,false
full,6,entry_page,2,julia_first,5000,123875,8992692,15000,15000,126656,368708,368708,7.92,7.92,4288799,4292101,0.08333333333333333,0.0,false
full,6,entry_page,3,native_first,5000,137881,8803023,15000,15000,126656,368708,368708,7.92,7.92,4288843,4292116,0.09523809523809523,0.0,false
full,6,entry_page,4,julia_first,5000,129846,8793625,15000,15000,126656,368708,368708,7.92,7.92,4292144,4292152,0.09523809523809523,0.0019719085627390577,false
full,6,entry_page,5,native_first,5000,130727,8902400,15000,15000,126656,368708,368708,7.92,7.92,4292113,4292207,0.07936507936507936,0.0,false
full,6,entry_page,6,julia_first,5000,131299,8911358,15000,15000,126656,368708,368708,7.92,7.92,4288814,4292162,0.0847457627118644,0.0,false
full,6,entry_page,7,native_first,5000,124146,8879417,15000,15000,126656,368708,368708,7.92,7.92,4288751,4292216,0.1016949152542373,0.0009283017002024076,false
full,6,entry_page,8,julia_first,5000,123995,8871192,15000,15000,126656,368708,368708,7.92,7.92,4292108,4292146,0.08196721311475409,0.0,false
full,6,entry_page,9,native_first,5000,124877,8896119,15000,15000,126656,368708,368708,7.92,7.92,4292209,4292155,0.0847457627118644,0.0,false
full,6,entry_page,10,julia_first,5000,124005,8837828,15000,15000,126656,368708,368708,7.92,7.92,4288799,4288833,0.06779661016949153,0.0,false
full,6,entry_page,11,native_first,5000,124406,8824583,15000,15000,126656,368708,368708,7.92,7.92,4292162,4292156,0.05263157894736842,0.0,false
full,7,entry_reduce_host_callback,1,native_first,5000,139264,9125685,20000,20000,139456,368708,368708,7.92,7.92,4288802,4292178,0.08196721311475409,0.0,false
full,7,entry_reduce_host_callback,2,julia_first,5000,146488,9784894,20000,20000,139456,368708,368708,7.92,7.92,4288803,4292103,0.07575757575757576,0.0,false
full,7,entry_reduce_host_callback,3,native_first,5000,139755,8952075,20000,20000,139456,368708,368708,7.92,7.92,4288818,4292136,0.1,0.0,false
full,7,entry_reduce_host_callback,4,julia_first,5000,148622,8984186,20000,20000,139456,368708,368708,7.92,7.92,4288754,4292165,0.08620689655172414,0.0,false
full,7,entry_reduce_host_callback,5,native_first,5000,139705,9059679,20000,20000,139456,368708,368708,7.92,7.92,4288747,4292165,0.09836065573770492,0.0,false
full,7,entry_reduce_host_callback,6,julia_first,5000,145336,9127558,20000,20000,139456,368708,368708,7.92,7.92,4292154,4292278,0.109375,0.0,false
full,7,entry_reduce_host_callback,7,native_first,5000,144294,9109423,20000,20000,139456,368708,368708,7.92,7.92,4288734,4288811,0.08196721311475409,0.0,false
full,7,entry_reduce_host_callback,8,julia_first,5000,144815,9096428,20000,20000,139456,368708,368708,7.92,7.92,4292158,4292151,0.109375,0.0,false
full,7,entry_reduce_host_callback,9,native_first,5000,140327,9090567,20000,20000,139456,368708,368708,7.92,7.92,4288754,4288813,0.14285714285714285,0.0,false
full,7,entry_reduce_host_callback,10,julia_first,5000,150676,9105536,20000,20000,139456,368708,368708,7.92,7.92,4292149,4292167,0.125,0.0,false
full,7,entry_reduce_host_callback,11,native_first,5000,139855,9169678,20000,20000,139456,368708,368708,7.92,7.92,4288746,4292199,0.1076923076923077,0.004603131331216057,false
full,8,wfst_expand,1,native_first,15000,106542,821808,75000,75000,35376,368712,368712,7.92,7.92,4288810,4288853,0.14285714285714285,0.0,false
full,8,wfst_expand,2,julia_first,15000,108616,786100,75000,75000,35376,368712,368712,7.92,7.92,4288787,4288858,0.125,0.0,false
full,8,wfst_expand,3,native_first,15000,105581,795157,75000,75000,35376,368712,368712,7.92,7.92,4288806,4292140,0.0,0.0,false
full,8,wfst_expand,4,julia_first,15000,105289,797903,75000,75000,35376,368712,368712,7.92,7.92,4292130,4292127,0.14285714285714285,0.0,false
full,8,wfst_expand,5,native_first,15000,105570,794587,75000,75000,35376,368712,368712,7.92,7.92,4288755,4292145,0.0,0.0,false
full,8,wfst_expand,6,julia_first,15000,106031,793204,75000,75000,35376,368712,368712,7.92,7.92,4292161,4292133,0.14285714285714285,0.0,false
full,8,wfst_expand,7,native_first,15000,109778,794547,75000,75000,35376,368712,368712,7.92,7.92,4292168,4292108,0.14285714285714285,0.0,false
full,8,wfst_expand,8,julia_first,15000,105390,801440,75000,75000,35376,368712,368712,7.92,7.92,4288790,4288751,0.0,0.0,false
full,8,wfst_expand,9,native_first,15000,105610,801650,75000,75000,35376,368712,368712,7.92,7.92,4288788,4292168,0.0,0.0,false
full,8,wfst_expand,10,julia_first,15000,105350,833681,75000,75000,35376,368712,368712,7.92,7.92,4292143,4288785,0.0,0.0,false
full,8,wfst_expand,11,native_first,15000,105690,814785,75000,75000,35376,368712,368712,7.92,7.92,4292134,4292082,0.25,0.0,false
full,9,lattice_pair,1,native_first,15000,95230,2449635,75000,75000,18384,368712,368712,7.92,7.92,4292166,4288844,0.05555555555555555,0.0,false
full,9,lattice_pair,2,julia_first,15000,94709,2445197,75000,75000,18384,368712,368712,7.92,7.92,4288812,4288828,0.06666666666666667,0.0,false
full,9,lattice_pair,3,native_first,15000,94800,2426280,75000,75000,18384,368712,368712,7.92,7.92,4288779,4288798,0.06666666666666667,0.0,false
full,9,lattice_pair,4,julia_first,15000,94679,2460455,75000,75000,18384,368712,368712,7.92,7.92,4292143,4292121,0.10526315789473684,0.0,false
full,9,lattice_pair,5,native_first,15000,95381,2480414,75000,75000,18384,368712,368712,7.92,7.92,4288790,4288818,0.05555555555555555,0.0,false
full,9,lattice_pair,6,julia_first,15000,94780,2464433,75000,75000,18384,368712,368712,7.92,7.92,4288781,4288870,0.07142857142857142,0.0,false
full,9,lattice_pair,7,native_first,15000,94890,2450377,75000,75000,18384,368712,368712,7.92,7.92,4288794,4288816,0.0,0.0,false
full,9,lattice_pair,8,julia_first,15000,94869,2486104,75000,75000,18384,368712,368712,7.92,7.92,4288835,4288762,0.05555555555555555,0.0,false
full,9,lattice_pair,9,native_first,15000,95181,2469743,75000,75000,18384,368712,368712,7.92,7.92,4288784,4288724,0.058823529411764705,0.0,false
full,9,lattice_pair,10,julia_first,15000,94890,2480063,75000,75000,18384,368712,368712,7.92,7.92,4288822,4292087,0.15,0.0,false
full,9,lattice_pair,11,native_first,15000,95090,2462339,75000,75000,18384,368712,368712,7.92,7.92,4288759,4292225,0.10526315789473684,0.0,false
full,10,lattice_batch,1,native_first,10000,79631,2052562,110000,110000,34384,368712,368712,7.92,7.92,4288808,4288813,0.07142857142857142,0.0,false
full,10,lattice_batch,2,julia_first,10000,79531,2056529,110000,110000,34384,368712,368712,7.92,7.92,4288768,4288801,0.07692307692307693,0.0,false
full,10,lattice_batch,3,native_first,10000,85162,2090704,110000,110000,34384,368712,368712,7.92,7.92,4288775,4288846,0.13333333333333333,0.0,false
full,10,lattice_batch,4,julia_first,10000,84461,2081667,110000,110000,34384,368712,368712,7.92,7.92,4288793,4288744,0.14285714285714285,0.0,false
full,10,lattice_batch,5,native_first,10000,80503,2090755,110000,110000,34384,368712,368712,7.92,7.92,4288764,4288733,0.0625,0.0,false
full,10,lattice_batch,6,julia_first,10000,83638,2098339,110000,110000,34384,368712,368712,7.92,7.92,4288804,4288811,0.07692307692307693,0.0,false
full,10,lattice_batch,7,native_first,10000,84400,2092789,110000,110000,34384,368712,368712,7.92,7.92,4288827,4288783,0.058823529411764705,0.0,false
full,10,lattice_batch,8,julia_first,10000,79601,2087348,110000,110000,34384,368712,368712,7.92,7.92,4288766,4288818,0.07692307692307693,0.0,false
full,10,lattice_batch,9,native_first,10000,84330,2174744,110000,110000,34384,368712,368712,7.92,7.92,4288833,4288775,0.14285714285714285,0.0,false
full,10,lattice_batch,10,julia_first,10000,79651,2086746,110000,110000,34384,368712,368712,7.92,7.92,4288747,4292192,0.2,0.0,false
full,10,lattice_batch,11,native_first,10000,79941,2086076,110000,110000,34384,368712,368712,7.92,7.92,4292081,4288822,0.14285714285714285,0.0,false
full,11,semiring_pair_with_context,1,native_first,2000,121641,541607,4000,4000,25600,368712,368712,7.92,7.92,4288767,4292189,0.14285714285714285,0.0,false
full,11,semiring_pair_with_context,2,julia_first,2000,112964,541867,4000,4000,25600,368712,368712,7.92,7.92,4288813,4292095,0.0,0.0,false
full,11,semiring_pair_with_context,3,native_first,2000,113966,548269,4000,4000,25600,368712,368712,7.92,7.92,4292149,4292172,0.0,0.0,false
full,11,semiring_pair_with_context,4,julia_first,2000,123194,532760,4000,4000,25600,368712,368712,7.92,7.92,4288803,4292127,0.16666666666666666,0.0,false
full,11,semiring_pair_with_context,5,native_first,2000,109468,538301,4000,4000,25600,368712,368712,7.92,7.92,4292201,4292104,0.0,0.0,false
full,11,semiring_pair_with_context,6,julia_first,2000,114998,541777,4000,4000,25600,368712,368712,7.92,7.92,4288751,4288765,0.0,0.0,false
full,11,semiring_pair_with_context,7,native_first,2000,113355,533071,4000,4000,25600,368712,368712,7.92,7.92,4288774,4288774,0.14285714285714285,0.0,false
full,11,semiring_pair_with_context,8,julia_first,2000,115228,540906,4000,4000,25600,368712,368712,7.92,7.92,4288776,4288831,0.16666666666666666,0.0,false
full,11,semiring_pair_with_context,9,native_first,2000,107664,538481,4000,4000,25600,368712,368712,7.92,7.92,4292199,4292150,0.0,0.0,false
full,11,semiring_pair_with_context,10,julia_first,2000,109327,523503,4000,4000,25600,368712,368712,7.92,7.92,4288755,4288741,0.0,0.0,false
full,11,semiring_pair_with_context,11,native_first,2000,108887,531307,4000,4000,25600,368712,368712,7.92,7.92,4292119,4288774,0.16666666666666666,0.0,false
full,12,semiring_batch_with_context,1,native_first,2000,129686,580380,6000,6000,43200,368712,368712,7.92,7.92,4292124,4292184,0.0,0.0,false
full,12,semiring_batch_with_context,2,julia_first,2000,120659,571294,6000,6000,43200,368712,368712,7.92,7.92,4292164,4288767,0.2857142857142857,0.0,false
full,12,semiring_batch_with_context,3,native_first,2000,132091,568628,6000,6000,43200,368712,368712,7.92,7.92,4292135,4292121,0.14285714285714285,0.0,false
full,12,semiring_batch_with_context,4,julia_first,2000,121871,580481,6000,6000,43200,368712,368712,7.92,7.92,4288753,4292127,0.0,0.0,false
full,12,semiring_batch_with_context,5,native_first,2000,126490,574810,6000,6000,43200,368712,368712,7.92,7.92,4292136,4288802,0.14285714285714285,0.0,false
full,12,semiring_batch_with_context,6,julia_first,2000,125939,563899,6000,6000,43200,368712,368712,7.92,7.92,4292207,4288784,0.0,0.0,false
full,12,semiring_batch_with_context,7,native_first,2000,122342,568397,6000,6000,43200,368712,368712,7.92,7.92,4288800,4292181,0.0,0.0,false
full,12,semiring_batch_with_context,8,julia_first,2000,121080,581362,6000,6000,43200,368712,368712,7.92,7.92,4288747,4288776,0.2857142857142857,0.0,false
full,12,semiring_batch_with_context,9,native_first,2000,120799,574891,6000,6000,43200,368712,368712,7.92,7.92,4288769,4288772,0.0,0.0,false
full,12,semiring_batch_with_context,10,julia_first,2000,129375,563618,6000,6000,43200,368712,368712,7.92,7.92,4288782,4292162,0.0,0.0,false
full,12,semiring_batch_with_context,11,native_first,2000,128514,571103,6000,6000,43200,368712,368712,7.92,7.92,4292144,4292113,0.0,0.0,false
