kind	tier	type	member	value
interface	-	VtDictionaryEntriesVTable	id	vt.dict.entry.v1
interface	-	VtDictionaryEntriesVTable	version	1
status	-	VtStatus	OK	0
status	-	VtStatus	END	1
status	-	VtStatus	INVALID_ARGUMENT	2
status	-	VtStatus	NULL_POINTER	3
status	-	VtStatus	UNSUPPORTED	4
status	-	VtStatus	IO_ERROR	5
status	-	VtStatus	CLOSED	6
status	-	VtStatus	LIMIT_EXCEEDED	7
status	-	VtStatus	PROVIDER_ERROR	8
status	-	VtStatus	BATCH_IN_USE	9
order	-	VtDictionaryEntryOrder	LEXICOGRAPHIC	1
info_flag	-	VtDictionaryEntriesInfo	EXACT_LEN	1
info_flag	-	VtDictionaryEntriesInfo	SNAPSHOT_IDENTITY	2
operation	-	VtDictionaryEntriesVTable	open	0
operation	-	VtDictionaryEntriesVTable	next_batch	1
operation	-	VtDictionaryEntriesVTable	release_batch	2
operation	-	VtDictionaryEntriesVTable	reduce	3
operation	-	VtDictionaryEntriesVTable	cancel	4
operation	-	VtDictionaryEntriesVTable	close	5
layout	lp64	-	pointer_width	64
layout	lp64	VtDictionaryEntry	size	40
layout	lp64	VtDictionaryEntry	alignment	8
offset	lp64	VtDictionaryEntry	unit_offset	0
offset	lp64	VtDictionaryEntry	unit_len	8
offset	lp64	VtDictionaryEntry	value_offset	16
offset	lp64	VtDictionaryEntry	value_len	24
offset	lp64	VtDictionaryEntry	reserved	32
layout	lp64	VtDictionaryEntryBatchLimits	size	32
layout	lp64	VtDictionaryEntryBatchLimits	alignment	8
offset	lp64	VtDictionaryEntryBatchLimits	max_entries	0
offset	lp64	VtDictionaryEntryBatchLimits	max_units	8
offset	lp64	VtDictionaryEntryBatchLimits	max_values	16
offset	lp64	VtDictionaryEntryBatchLimits	reserved	24
layout	lp64	VtDictionaryEntryBatchView	size	64
layout	lp64	VtDictionaryEntryBatchView	alignment	8
offset	lp64	VtDictionaryEntryBatchView	entries	0
offset	lp64	VtDictionaryEntryBatchView	entry_count	8
offset	lp64	VtDictionaryEntryBatchView	units	16
offset	lp64	VtDictionaryEntryBatchView	unit_count	24
offset	lp64	VtDictionaryEntryBatchView	values	32
offset	lp64	VtDictionaryEntryBatchView	value_count	40
offset	lp64	VtDictionaryEntryBatchView	generation	48
offset	lp64	VtDictionaryEntryBatchView	reserved	56
layout	lp64	VtDictionaryEntriesInfo	size	64
layout	lp64	VtDictionaryEntriesInfo	alignment	8
offset	lp64	VtDictionaryEntriesInfo	unit_domain	0
offset	lp64	VtDictionaryEntriesInfo	value_domain	4
offset	lp64	VtDictionaryEntriesInfo	order	8
offset	lp64	VtDictionaryEntriesInfo	reserved0	12
offset	lp64	VtDictionaryEntriesInfo	flags	16
offset	lp64	VtDictionaryEntriesInfo	exact_len	24
offset	lp64	VtDictionaryEntriesInfo	identity	32
offset	lp64	VtDictionaryEntriesInfo	reserved	48
layout	lp64	VtDictionaryEntriesCursor	size	16
layout	lp64	VtDictionaryEntriesCursor	alignment	8
offset	lp64	VtDictionaryEntriesCursor	context	0
offset	lp64	VtDictionaryEntriesCursor	vtable	8
layout	lp64	VtDictionaryEntriesVTable	size	64
layout	lp64	VtDictionaryEntriesVTable	alignment	8
offset	lp64	VtDictionaryEntriesVTable	struct_size	0
offset	lp64	VtDictionaryEntriesVTable	interface_version	8
offset	lp64	VtDictionaryEntriesVTable	reserved	12
offset	lp64	VtDictionaryEntriesVTable	open	16
offset	lp64	VtDictionaryEntriesVTable	next_batch	24
offset	lp64	VtDictionaryEntriesVTable	release_batch	32
offset	lp64	VtDictionaryEntriesVTable	reduce	40
offset	lp64	VtDictionaryEntriesVTable	cancel	48
offset	lp64	VtDictionaryEntriesVTable	close	56
layout	arm32	-	pointer_width	32
layout	arm32	VtDictionaryEntry	size	24
layout	arm32	VtDictionaryEntry	alignment	8
offset	arm32	VtDictionaryEntry	unit_offset	0
offset	arm32	VtDictionaryEntry	unit_len	4
offset	arm32	VtDictionaryEntry	value_offset	8
offset	arm32	VtDictionaryEntry	value_len	12
offset	arm32	VtDictionaryEntry	reserved	16
layout	arm32	VtDictionaryEntryBatchLimits	size	24
layout	arm32	VtDictionaryEntryBatchLimits	alignment	8
offset	arm32	VtDictionaryEntryBatchLimits	max_entries	0
offset	arm32	VtDictionaryEntryBatchLimits	max_units	4
offset	arm32	VtDictionaryEntryBatchLimits	max_values	8
offset	arm32	VtDictionaryEntryBatchLimits	reserved	16
layout	arm32	VtDictionaryEntryBatchView	size	40
layout	arm32	VtDictionaryEntryBatchView	alignment	8
offset	arm32	VtDictionaryEntryBatchView	entries	0
offset	arm32	VtDictionaryEntryBatchView	entry_count	4
offset	arm32	VtDictionaryEntryBatchView	units	8
offset	arm32	VtDictionaryEntryBatchView	unit_count	12
offset	arm32	VtDictionaryEntryBatchView	values	16
offset	arm32	VtDictionaryEntryBatchView	value_count	20
offset	arm32	VtDictionaryEntryBatchView	generation	24
offset	arm32	VtDictionaryEntryBatchView	reserved	32
layout	arm32	VtDictionaryEntriesInfo	size	64
layout	arm32	VtDictionaryEntriesInfo	alignment	8
offset	arm32	VtDictionaryEntriesInfo	unit_domain	0
offset	arm32	VtDictionaryEntriesInfo	value_domain	4
offset	arm32	VtDictionaryEntriesInfo	order	8
offset	arm32	VtDictionaryEntriesInfo	reserved0	12
offset	arm32	VtDictionaryEntriesInfo	flags	16
offset	arm32	VtDictionaryEntriesInfo	exact_len	24
offset	arm32	VtDictionaryEntriesInfo	identity	32
offset	arm32	VtDictionaryEntriesInfo	reserved	48
layout	arm32	VtDictionaryEntriesCursor	size	8
layout	arm32	VtDictionaryEntriesCursor	alignment	4
offset	arm32	VtDictionaryEntriesCursor	context	0
offset	arm32	VtDictionaryEntriesCursor	vtable	4
layout	arm32	VtDictionaryEntriesVTable	size	36
layout	arm32	VtDictionaryEntriesVTable	alignment	4
offset	arm32	VtDictionaryEntriesVTable	struct_size	0
offset	arm32	VtDictionaryEntriesVTable	interface_version	4
offset	arm32	VtDictionaryEntriesVTable	reserved	8
offset	arm32	VtDictionaryEntriesVTable	open	12
offset	arm32	VtDictionaryEntriesVTable	next_batch	16
offset	arm32	VtDictionaryEntriesVTable	release_batch	20
offset	arm32	VtDictionaryEntriesVTable	reduce	24
offset	arm32	VtDictionaryEntriesVTable	cancel	28
offset	arm32	VtDictionaryEntriesVTable	close	32
