kind	owner	c_name	raku_name	julia_name	version	identity	c_signature	raku_signature	julia_signature	parameter_contract	threading	capability	notes
interface	-	VT_DICTIONARY_INTERFACE_ID	dictionary-interface-id	DICTIONARY_INTERFACE_ID	1	vt.dictionary.v1	-	-	-	-	caller-thread-synchronous	dictionary	versioned optional capability
interface	-	VT_DICTIONARY_VISIT_INTERFACE_ID	dictionary-visit-interface-id	DICTIONARY_VISIT_INTERFACE_ID	1	vt.dict.visit.v1	-	-	-	-	caller-thread-synchronous	dictionary-visit	versioned optional capability
interface	-	VT_DICTIONARY_GRAPH_INTERFACE_ID	dictionary-graph-interface-id	DICTIONARY_GRAPH_INTERFACE_ID	1	vt.dict.graph.v1	-	-	-	-	caller-thread-synchronous	dictionary-graph	versioned optional capability
interface	-	VT_DICTIONARY_ENTRIES_INTERFACE_ID	dictionary-entries-interface-id	DICTIONARY_ENTRIES_INTERFACE_ID	1	vt.dict.entry.v1	-	-	-	-	caller-thread-synchronous	dictionary-entries	versioned optional capability
interface	-	VT_SNAPSHOT_IDENTITY_INTERFACE_ID	snapshot-identity-interface-id	SNAPSHOT_IDENTITY_INTERFACE_ID	1	vt.snapshot.id.1	-	-	-	-	caller-thread-synchronous	snapshot-identity	versioned optional capability
interface	-	VT_WFST_INTERFACE_ID	wfst-interface-id	WFST_INTERFACE_ID	1	vt.scalar-wfst.1	-	-	-	-	caller-thread-synchronous	wfst	versioned optional capability
interface	-	VT_LATTICE_INTERFACE_ID	lattice-interface-id	LATTICE_INTERFACE_ID	1	vt.lattice.val.1	-	-	-	-	caller-thread-synchronous	lattice	versioned optional capability
interface	-	VT_SEMIRING_INTERFACE_ID	semiring-interface-id	SEMIRING_INTERFACE_ID	1	vt.semiring.val1	-	-	-	-	caller-thread-synchronous	semiring	versioned optional capability
interface	-	VT_SEMIRING_DIVISION_INTERFACE_ID	semiring-division-interface-id	SEMIRING_DIVISION_INTERFACE_ID	1	vt.semiring.div1	-	-	-	-	caller-thread-synchronous	semiring-division	versioned optional capability
interface	-	VT_SEMIRING_STAR_INTERFACE_ID	semiring-star-interface-id	SEMIRING_STAR_INTERFACE_ID	1	vt.semiring.str1	-	-	-	-	caller-thread-synchronous	semiring-star	versioned optional capability
interface	-	VT_SEMIRING_NUMERIC_INTERFACE_ID	semiring-numeric-interface-id	SEMIRING_NUMERIC_INTERFACE_ID	1	vt.semiring.num1	-	-	-	-	caller-thread-synchronous	semiring-numeric	versioned optional capability
interface	-	VT_SEMIRING_PROPERTIES_INTERFACE_ID	semiring-properties-interface-id	SEMIRING_PROPERTIES_INTERFACE_ID	1	vt.semiring.prp1	-	-	-	-	caller-thread-synchronous	semiring-properties	versioned optional capability
struct	-	VtInterfaceId	InterfaceId	VtInterfaceId	-	-	-	-	-	-	not-applicable	layout	generated Julia and NativeCall layouts
struct	-	VtResource	RawResource	VtResourceRaw	-	-	-	-	-	-	not-applicable	layout	generated Julia and NativeCall layouts
struct	-	VtResourceVTable	ResourceVTable	VtResourceVTable	-	-	-	-	-	-	not-applicable	layout	generated Julia and NativeCall layouts
struct	-	VtOptionalU64	OptionalU64	VtOptionalU64	-	-	-	-	-	-	not-applicable	layout	generated Julia and NativeCall layouts
struct	-	VtDictionaryEdge	DictionaryEdge	VtDictionaryEdge	-	-	-	-	-	-	not-applicable	layout	generated Julia and NativeCall layouts
struct	-	VtDictionaryVTable	DictionaryVTable	VtDictionaryVTable	-	-	-	-	-	-	not-applicable	layout	generated Julia and NativeCall layouts
struct	-	VtDictionaryVisitVTable	DictionaryVisitVTable	VtDictionaryVisitVTable	-	-	-	-	-	-	not-applicable	layout	generated Julia and NativeCall layouts
struct	-	VtDictionaryGraphNode	DictionaryGraphNode	VtDictionaryGraphNode	-	-	-	-	-	-	not-applicable	layout	generated Julia and NativeCall layouts
struct	-	VtDictionaryGraphEdge	DictionaryGraphEdge	VtDictionaryGraphEdge	-	-	-	-	-	-	not-applicable	layout	generated Julia and NativeCall layouts
struct	-	VtDictionaryGraphView	DictionaryGraphView	VtDictionaryGraphView	-	-	-	-	-	-	not-applicable	layout	generated Julia and NativeCall layouts
struct	-	VtDictionaryGraphVTable	DictionaryGraphVTable	VtDictionaryGraphVTable	-	-	-	-	-	-	not-applicable	layout	generated Julia and NativeCall layouts
struct	-	VtSnapshotIdentity	SnapshotIdentity	SnapshotIdentity	-	-	-	-	-	-	not-applicable	layout	generated Julia and NativeCall layouts
struct	-	VtSnapshotIdentityVTable	SnapshotIdentityVTable	VtSnapshotIdentityVTable	-	-	-	-	-	-	not-applicable	layout	generated Julia and NativeCall layouts
struct	-	VtDictionaryEntry	DictionaryEntryDescriptor	VtDictionaryEntryRaw	-	-	-	-	-	-	not-applicable	layout	generated Julia and NativeCall layouts
struct	-	VtDictionaryEntryBatchLimits	BatchLimits	BatchLimits	-	-	-	-	-	-	not-applicable	layout	generated Julia and NativeCall layouts
struct	-	VtDictionaryEntryBatchView	DictionaryEntryBatchView	VtDictionaryEntryBatchView	-	-	-	-	-	-	not-applicable	layout	generated Julia and NativeCall layouts
struct	-	VtDictionaryEntriesInfo	DictionaryEntriesInfo	VtDictionaryEntriesInfo	-	-	-	-	-	-	not-applicable	layout	generated Julia and NativeCall layouts
struct	-	VtDictionaryEntriesCursor	RawDictionaryEntriesCursor	VtDictionaryEntriesCursorRaw	-	-	-	-	-	-	not-applicable	layout	generated Julia and NativeCall layouts
struct	-	VtDictionaryEntriesVTable	DictionaryEntriesVTable	VtDictionaryEntriesVTable	-	-	-	-	-	-	not-applicable	layout	generated Julia and NativeCall layouts
struct	-	VtWfstArc	WfstArc	VtWfstArc	-	-	-	-	-	-	not-applicable	layout	generated Julia and NativeCall layouts
struct	-	VtWfstVTable	WfstVTable	VtWfstVTable	-	-	-	-	-	-	not-applicable	layout	generated Julia and NativeCall layouts
struct	-	VtLatticeVTable	LatticeVTable	VtLatticeVTable	-	-	-	-	-	-	not-applicable	layout	generated Julia and NativeCall layouts
struct	-	VtSemiringValue	SemiringValue	VtSemiringValue	-	-	-	-	-	-	not-applicable	layout	generated Julia and NativeCall layouts
struct	-	VtSemiringVTable	SemiringVTable	VtSemiringVTable	-	-	-	-	-	-	not-applicable	layout	generated Julia and NativeCall layouts
struct	-	VtSemiringDivisionVTable	SemiringDivisionVTable	VtSemiringDivisionVTable	-	-	-	-	-	-	not-applicable	layout	generated Julia and NativeCall layouts
struct	-	VtSemiringStarVTable	SemiringStarVTable	VtSemiringStarVTable	-	-	-	-	-	-	not-applicable	layout	generated Julia and NativeCall layouts
struct	-	VtSemiringNumericVTable	SemiringNumericVTable	VtSemiringNumericVTable	-	-	-	-	-	-	not-applicable	layout	generated Julia and NativeCall layouts
struct	-	VtSemiringPropertiesVTable	SemiringPropertiesVTable	VtSemiringPropertiesVTable	-	-	-	-	-	-	not-applicable	layout	generated Julia and NativeCall layouts
callback	typedef	VtDictionaryEntryReducer	VtDictionaryEntryReducer	@abi_cfunction_dictionary_entry_reducer	-	-	VtStatus (*VtDictionaryEntryReducer)( void* reducer_context, const VtDictionaryEntryBatchView* batch)	:(Pointer, Pointer --> int32)	Cint Tuple{Ptr{Cvoid}, Ptr{VtDictionaryEntryBatchView}}	reducer_context:input:borrowed,batch:input:borrowed	host-runtime-attached-calling-thread-only	dictionary-entry-reducer	generated Julia and NativeCall callback signature
operation	VtResourceVTable	retain	abi-cast-resource-retain	abi_call_resource_retain	1	-	void (*retain)(void* context)	:(Pointer)	Cvoid Tuple{Ptr{Cvoid},}	context:input:borrowed	caller-thread-synchronous	resource	generated Julia ccall wrapper and typed NativeCall cast
operation	VtResourceVTable	release	abi-cast-resource-release	abi_call_resource_release	1	-	void (*release)(void* context)	:(Pointer)	Cvoid Tuple{Ptr{Cvoid},}	context:input:consumed	caller-thread-synchronous	resource	generated Julia ccall wrapper and typed NativeCall cast
operation	VtResourceVTable	query_interface	abi-cast-resource-query-interface	abi_call_resource_query_interface	1	-	VtStatus (*query_interface)(void* context, const VtInterfaceId* interface_id, uint32_t minimum_version, const void** out_vtable)	:(Pointer, InterfaceId, uint32, Pointer is rw --> int32)	Cint Tuple{Ptr{Cvoid}, Ref{VtInterfaceId}, UInt32, Ptr{Ptr{Cvoid}}}	context:input:borrowed,interface_id:input:borrowed,minimum_version:input:borrowed,out_vtable:output:borrowed	caller-thread-synchronous	resource	generated Julia ccall wrapper and typed NativeCall cast
operation	VtDictionaryVTable	snapshot	abi-cast-dictionary-snapshot	abi_call_dictionary_snapshot	1	vt.dictionary.v1	VtStatus (*snapshot)(void* context, VtResource* out_snapshot)	:(Pointer, RawResource --> int32)	Cint Tuple{Ptr{Cvoid}, Ref{VtResourceRaw}}	context:input:borrowed,out_snapshot:output:owned	caller-thread-synchronous	dictionary	generated Julia ccall wrapper and typed NativeCall cast
operation	VtDictionaryVTable	root	abi-cast-dictionary-root	abi_call_dictionary_root	1	vt.dictionary.v1	VtStatus (*root)(void* context, uint64_t* out_node)	:(Pointer, uint64 is rw --> int32)	Cint Tuple{Ptr{Cvoid}, Ref{UInt64}}	context:input:borrowed,out_node:output:borrowed	caller-thread-synchronous	dictionary	generated Julia ccall wrapper and typed NativeCall cast
operation	VtDictionaryVTable	len	abi-cast-dictionary-len	abi_call_dictionary_len	1	vt.dictionary.v1	VtStatus (*len)(void* context, size_t* out_len, uint8_t* out_known)	:(Pointer, size_t is rw, uint8 is rw --> int32)	Cint Tuple{Ptr{Cvoid}, Ref{Csize_t}, Ref{UInt8}}	context:input:borrowed,out_len:output:borrowed,out_known:output:borrowed	caller-thread-synchronous	dictionary	generated Julia ccall wrapper and typed NativeCall cast
operation	VtDictionaryVTable	node_is_final	abi-cast-dictionary-node-is-final	abi_call_dictionary_node_is_final	1	vt.dictionary.v1	VtStatus (*node_is_final)(void* context, uint64_t node, uint8_t* out_is_final)	:(Pointer, uint64, uint8 is rw --> int32)	Cint Tuple{Ptr{Cvoid}, UInt64, Ref{UInt8}}	context:input:borrowed,node:input:borrowed,out_is_final:output:borrowed	caller-thread-synchronous	dictionary	generated Julia ccall wrapper and typed NativeCall cast
operation	VtDictionaryVTable	node_value_u64	abi-cast-dictionary-node-value-u64	abi_call_dictionary_node_value_u64	1	vt.dictionary.v1	VtStatus (*node_value_u64)(void* context, uint64_t node, VtOptionalU64* out_value)	:(Pointer, uint64, OptionalU64 --> int32)	Cint Tuple{Ptr{Cvoid}, UInt64, Ref{VtOptionalU64}}	context:input:borrowed,node:input:borrowed,out_value:output:borrowed	caller-thread-synchronous	dictionary	generated Julia ccall wrapper and typed NativeCall cast
operation	VtDictionaryVTable	node_transition	abi-cast-dictionary-node-transition	abi_call_dictionary_node_transition	1	vt.dictionary.v1	VtStatus (*node_transition)(void* context, uint64_t node, uint64_t label, uint64_t* out_child, uint8_t* out_found)	:(Pointer, uint64, uint64, uint64 is rw, uint8 is rw --> int32)	Cint Tuple{Ptr{Cvoid}, UInt64, UInt64, Ref{UInt64}, Ref{UInt8}}	context:input:borrowed,node:input:borrowed,label:input:borrowed,out_child:output:borrowed,out_found:output:borrowed	caller-thread-synchronous	dictionary	generated Julia ccall wrapper and typed NativeCall cast
operation	VtDictionaryVTable	node_edges	abi-cast-dictionary-node-edges	abi_call_dictionary_node_edges	1	vt.dictionary.v1	VtStatus (*node_edges)(void* context, uint64_t node, size_t start, VtDictionaryEdge* out_edges, size_t capacity, size_t* out_written, size_t* out_total)	:(Pointer, uint64, size_t, Pointer, size_t, size_t is rw, size_t is rw --> int32)	Cint Tuple{Ptr{Cvoid}, UInt64, Csize_t, Ptr{VtDictionaryEdge}, Csize_t, Ref{Csize_t}, Ref{Csize_t}}	context:input:borrowed,node:input:borrowed,start:input:borrowed,out_edges:output:borrowed,capacity:input:borrowed,out_written:output:borrowed,out_total:output:borrowed	caller-thread-synchronous	dictionary	generated Julia ccall wrapper and typed NativeCall cast
operation	VtDictionaryVisitVTable	node_visit	abi-cast-dictionary-visit-node-visit	abi_call_dictionary_visit_node_visit	1	vt.dict.visit.v1	VtStatus (*node_visit)(void* context, uint64_t node, size_t start, uint8_t* out_is_final, VtDictionaryEdge* out_edges, size_t capacity, size_t* out_written, size_t* out_total)	:(Pointer, uint64, size_t, uint8 is rw, Pointer, size_t, size_t is rw, size_t is rw --> int32)	Cint Tuple{Ptr{Cvoid}, UInt64, Csize_t, Ref{UInt8}, Ptr{VtDictionaryEdge}, Csize_t, Ref{Csize_t}, Ref{Csize_t}}	context:input:borrowed,node:input:borrowed,start:input:borrowed,out_is_final:output:borrowed,out_edges:output:borrowed,capacity:input:borrowed,out_written:output:borrowed,out_total:output:borrowed	caller-thread-synchronous	dictionary-visit	generated Julia ccall wrapper and typed NativeCall cast
operation	VtDictionaryGraphVTable	graph	abi-cast-dictionary-graph-graph	abi_call_dictionary_graph_graph	1	vt.dict.graph.v1	VtStatus (*graph)(void* context, VtDictionaryGraphView* out_graph)	:(Pointer, DictionaryGraphView --> int32)	Cint Tuple{Ptr{Cvoid}, Ref{VtDictionaryGraphView}}	context:input:borrowed,out_graph:output:borrowed	caller-thread-synchronous	dictionary-graph	generated Julia ccall wrapper and typed NativeCall cast
operation	VtDictionaryGraphVTable	node_value_u64	abi-cast-dictionary-graph-node-value-u64	abi_call_dictionary_graph_node_value_u64	1	vt.dict.graph.v1	VtStatus (*node_value_u64)(void* context, uint64_t value_cursor, VtOptionalU64* out_value)	:(Pointer, uint64, OptionalU64 --> int32)	Cint Tuple{Ptr{Cvoid}, UInt64, Ref{VtOptionalU64}}	context:input:borrowed,value_cursor:input:borrowed,out_value:output:borrowed	caller-thread-synchronous	dictionary-graph	generated Julia ccall wrapper and typed NativeCall cast
operation	VtSnapshotIdentityVTable	identity	abi-cast-snapshot-identity-identity	abi_call_snapshot_identity_identity	1	vt.snapshot.id.1	VtStatus (*identity)(void* context, VtSnapshotIdentity* out_identity)	:(Pointer, SnapshotIdentity --> int32)	Cint Tuple{Ptr{Cvoid}, Ref{SnapshotIdentity}}	context:input:borrowed,out_identity:output:borrowed	caller-thread-synchronous	snapshot-identity	generated Julia ccall wrapper and typed NativeCall cast
operation	VtDictionaryEntriesVTable	open	abi-cast-dictionary-entries-open	abi_call_dictionary_entries_open	1	vt.dict.entry.v1	VtStatus (*open)(void* resource_context, VtDictionaryEntriesCursor* out_cursor, VtDictionaryEntriesInfo* out_info)	:(Pointer, RawDictionaryEntriesCursor, DictionaryEntriesInfo --> int32)	Cint Tuple{Ptr{Cvoid}, Ref{VtDictionaryEntriesCursorRaw}, Ref{VtDictionaryEntriesInfo}}	resource_context:input:borrowed,out_cursor:output:owned,out_info:output:borrowed	caller-thread-synchronous	dictionary-entries	generated Julia ccall wrapper and typed NativeCall cast
operation	VtDictionaryEntriesVTable	next_batch	abi-cast-dictionary-entries-next-batch	abi_call_dictionary_entries_next_batch	1	vt.dict.entry.v1	VtStatus (*next_batch)(VtDictionaryEntriesCursor* cursor, const VtDictionaryEntryBatchLimits* limits, VtDictionaryEntryBatchView* out_batch)	:(RawDictionaryEntriesCursor, BatchLimits, DictionaryEntryBatchView --> int32)	Cint Tuple{Ref{VtDictionaryEntriesCursorRaw}, Ref{BatchLimits}, Ref{VtDictionaryEntryBatchView}}	cursor:inout:borrowed,limits:input:borrowed,out_batch:output:borrowed	caller-thread-synchronous	dictionary-entries	generated Julia ccall wrapper and typed NativeCall cast
operation	VtDictionaryEntriesVTable	release_batch	abi-cast-dictionary-entries-release-batch	abi_call_dictionary_entries_release_batch	1	vt.dict.entry.v1	VtStatus (*release_batch)(VtDictionaryEntriesCursor* cursor, uint64_t generation)	:(RawDictionaryEntriesCursor, uint64 --> int32)	Cint Tuple{Ref{VtDictionaryEntriesCursorRaw}, UInt64}	cursor:inout:borrowed,generation:input:borrowed	caller-thread-synchronous	dictionary-entries	generated Julia ccall wrapper and typed NativeCall cast
operation	VtDictionaryEntriesVTable	reduce	abi-cast-dictionary-entries-reduce	abi_call_dictionary_entries_reduce	1	vt.dict.entry.v1	VtStatus (*reduce)(VtDictionaryEntriesCursor* cursor, const VtDictionaryEntryBatchLimits* limits, VtDictionaryEntryReducer reducer, void* reducer_context, size_t* out_count)	:(RawDictionaryEntriesCursor, BatchLimits, &callback (Pointer, Pointer --> int32), Pointer, size_t is rw --> int32)	Cint Tuple{Ref{VtDictionaryEntriesCursorRaw}, Ref{BatchLimits}, Ptr{Cvoid}, Ptr{Cvoid}, Ref{Csize_t}}	cursor:inout:borrowed,limits:input:borrowed,reducer:input:borrowed,reducer_context:input:borrowed,out_count:output:borrowed	caller-thread-synchronous	dictionary-entries	generated Julia ccall wrapper and typed NativeCall cast
operation	VtDictionaryEntriesVTable	cancel	abi-cast-dictionary-entries-cancel	abi_call_dictionary_entries_cancel	1	vt.dict.entry.v1	VtStatus (*cancel)(VtDictionaryEntriesCursor* cursor)	:(RawDictionaryEntriesCursor --> int32)	Cint Tuple{Ref{VtDictionaryEntriesCursorRaw},}	cursor:inout:borrowed	caller-thread-synchronous	dictionary-entries	generated Julia ccall wrapper and typed NativeCall cast
operation	VtDictionaryEntriesVTable	close	abi-cast-dictionary-entries-close	abi_call_dictionary_entries_close	1	vt.dict.entry.v1	VtStatus (*close)(VtDictionaryEntriesCursor* cursor)	:(RawDictionaryEntriesCursor --> int32)	Cint Tuple{Ref{VtDictionaryEntriesCursorRaw},}	cursor:inout:consumed	caller-thread-synchronous	dictionary-entries	generated Julia ccall wrapper and typed NativeCall cast
operation	VtWfstVTable	snapshot	abi-cast-wfst-snapshot	abi_call_wfst_snapshot	1	vt.scalar-wfst.1	VtStatus (*snapshot)(void* context, VtResource* out_snapshot)	:(Pointer, RawResource --> int32)	Cint Tuple{Ptr{Cvoid}, Ref{VtResourceRaw}}	context:input:borrowed,out_snapshot:output:owned	caller-thread-synchronous	wfst	generated Julia ccall wrapper and typed NativeCall cast
operation	VtWfstVTable	start	abi-cast-wfst-start	abi_call_wfst_start	1	vt.scalar-wfst.1	VtStatus (*start)(void* context, uint64_t* out_state)	:(Pointer, uint64 is rw --> int32)	Cint Tuple{Ptr{Cvoid}, Ref{UInt64}}	context:input:borrowed,out_state:output:borrowed	caller-thread-synchronous	wfst	generated Julia ccall wrapper and typed NativeCall cast
operation	VtWfstVTable	num_states	abi-cast-wfst-num-states	abi_call_wfst_num_states	1	vt.scalar-wfst.1	VtStatus (*num_states)(void* context, size_t* out_count, uint8_t* out_known)	:(Pointer, size_t is rw, uint8 is rw --> int32)	Cint Tuple{Ptr{Cvoid}, Ref{Csize_t}, Ref{UInt8}}	context:input:borrowed,out_count:output:borrowed,out_known:output:borrowed	caller-thread-synchronous	wfst	generated Julia ccall wrapper and typed NativeCall cast
operation	VtWfstVTable	state_info	abi-cast-wfst-state-info	abi_call_wfst_state_info	1	vt.scalar-wfst.1	VtStatus (*state_info)(void* context, uint64_t state, uint8_t* out_valid, uint8_t* out_is_final, double* out_final_weight)	:(Pointer, uint64, uint8 is rw, uint8 is rw, num64 is rw --> int32)	Cint Tuple{Ptr{Cvoid}, UInt64, Ref{UInt8}, Ref{UInt8}, Ref{Float64}}	context:input:borrowed,state:input:borrowed,out_valid:output:borrowed,out_is_final:output:borrowed,out_final_weight:output:borrowed	caller-thread-synchronous	wfst	generated Julia ccall wrapper and typed NativeCall cast
operation	VtWfstVTable	state_arcs	abi-cast-wfst-state-arcs	abi_call_wfst_state_arcs	1	vt.scalar-wfst.1	VtStatus (*state_arcs)(void* context, uint64_t state, size_t start, VtWfstArc* out_arcs, size_t capacity, size_t* out_written, size_t* out_total)	:(Pointer, uint64, size_t, Pointer, size_t, size_t is rw, size_t is rw --> int32)	Cint Tuple{Ptr{Cvoid}, UInt64, Csize_t, Ptr{VtWfstArc}, Csize_t, Ref{Csize_t}, Ref{Csize_t}}	context:input:borrowed,state:input:borrowed,start:input:borrowed,out_arcs:output:borrowed,capacity:input:borrowed,out_written:output:borrowed,out_total:output:borrowed	caller-thread-synchronous	wfst	generated Julia ccall wrapper and typed NativeCall cast
operation	VtLatticeVTable	join	abi-cast-lattice-join	abi_call_lattice_join	1	vt.lattice.val.1	VtStatus (*join)(void* context, const VtResource* other, VtResource* out_value)	:(Pointer, RawResource, RawResource --> int32)	Cint Tuple{Ptr{Cvoid}, Ref{VtResourceRaw}, Ref{VtResourceRaw}}	context:input:borrowed,other:input:borrowed,out_value:output:owned	caller-thread-synchronous	lattice	generated Julia ccall wrapper and typed NativeCall cast
operation	VtLatticeVTable	meet	abi-cast-lattice-meet	abi_call_lattice_meet	1	vt.lattice.val.1	VtStatus (*meet)(void* context, const VtResource* other, VtResource* out_value)	:(Pointer, RawResource, RawResource --> int32)	Cint Tuple{Ptr{Cvoid}, Ref{VtResourceRaw}, Ref{VtResourceRaw}}	context:input:borrowed,other:input:borrowed,out_value:output:owned	caller-thread-synchronous	lattice	generated Julia ccall wrapper and typed NativeCall cast
operation	VtLatticeVTable	equal	abi-cast-lattice-equal	abi_call_lattice_equal	1	vt.lattice.val.1	VtStatus (*equal)(void* context, const VtResource* other, uint8_t* out_equal)	:(Pointer, RawResource, uint8 is rw --> int32)	Cint Tuple{Ptr{Cvoid}, Ref{VtResourceRaw}, Ref{UInt8}}	context:input:borrowed,other:input:borrowed,out_equal:output:borrowed	caller-thread-synchronous	lattice	generated Julia ccall wrapper and typed NativeCall cast
operation	VtLatticeVTable	stable_bytes	abi-cast-lattice-stable-bytes	abi_call_lattice_stable_bytes	1	vt.lattice.val.1	VtStatus (*stable_bytes)(void* context, uint8_t* out_bytes, size_t capacity, size_t* out_written, size_t* out_required)	:(Pointer, Pointer, size_t, size_t is rw, size_t is rw --> int32)	Cint Tuple{Ptr{Cvoid}, Ptr{UInt8}, Csize_t, Ref{Csize_t}, Ref{Csize_t}}	context:input:borrowed,out_bytes:output:borrowed,capacity:input:borrowed,out_written:output:borrowed,out_required:output:borrowed	caller-thread-synchronous	lattice	generated Julia ccall wrapper and typed NativeCall cast
operation	VtLatticeVTable	diagnostic	abi-cast-lattice-diagnostic	abi_call_lattice_diagnostic	1	vt.lattice.val.1	VtStatus (*diagnostic)(void* context, uint8_t* out_bytes, size_t capacity, size_t* out_written, size_t* out_required)	:(Pointer, Pointer, size_t, size_t is rw, size_t is rw --> int32)	Cint Tuple{Ptr{Cvoid}, Ptr{UInt8}, Csize_t, Ref{Csize_t}, Ref{Csize_t}}	context:input:borrowed,out_bytes:output:borrowed,capacity:input:borrowed,out_written:output:borrowed,out_required:output:borrowed	caller-thread-synchronous	lattice	generated Julia ccall wrapper and typed NativeCall cast
operation	VtLatticeVTable	join_many	abi-cast-lattice-join-many	abi_call_lattice_join_many	1	vt.lattice.val.1	VtStatus (*join_many)(void* context, const VtResource* others, size_t count, VtResource* out_value)	:(Pointer, Pointer, size_t, RawResource --> int32)	Cint Tuple{Ptr{Cvoid}, Ptr{VtResourceRaw}, Csize_t, Ref{VtResourceRaw}}	context:input:borrowed,others:input:borrowed,count:input:borrowed,out_value:output:owned	caller-thread-synchronous	lattice	generated Julia ccall wrapper and typed NativeCall cast
operation	VtLatticeVTable	meet_many	abi-cast-lattice-meet-many	abi_call_lattice_meet_many	1	vt.lattice.val.1	VtStatus (*meet_many)(void* context, const VtResource* others, size_t count, VtResource* out_value)	:(Pointer, Pointer, size_t, RawResource --> int32)	Cint Tuple{Ptr{Cvoid}, Ptr{VtResourceRaw}, Csize_t, Ref{VtResourceRaw}}	context:input:borrowed,others:input:borrowed,count:input:borrowed,out_value:output:owned	caller-thread-synchronous	lattice	generated Julia ccall wrapper and typed NativeCall cast
operation	VtSemiringVTable	zero	abi-cast-semiring-zero	abi_call_semiring_zero	1	vt.semiring.val1	VtStatus (*zero)(void* context, VtSemiringValue* out_value)	:(Pointer, SemiringValue --> int32)	Cint Tuple{Ptr{Cvoid}, Ref{VtSemiringValue}}	context:input:borrowed,out_value:output:owned	caller-thread-synchronous	semiring	generated Julia ccall wrapper and typed NativeCall cast
operation	VtSemiringVTable	one	abi-cast-semiring-one	abi_call_semiring_one	1	vt.semiring.val1	VtStatus (*one)(void* context, VtSemiringValue* out_value)	:(Pointer, SemiringValue --> int32)	Cint Tuple{Ptr{Cvoid}, Ref{VtSemiringValue}}	context:input:borrowed,out_value:output:owned	caller-thread-synchronous	semiring	generated Julia ccall wrapper and typed NativeCall cast
operation	VtSemiringVTable	clone_value	abi-cast-semiring-clone-value	abi_call_semiring_clone_value	1	vt.semiring.val1	VtStatus (*clone_value)(void* context, const VtSemiringValue* value, VtSemiringValue* out_value)	:(Pointer, SemiringValue, SemiringValue --> int32)	Cint Tuple{Ptr{Cvoid}, Ref{VtSemiringValue}, Ref{VtSemiringValue}}	context:input:borrowed,value:input:borrowed,out_value:output:owned	caller-thread-synchronous	semiring	generated Julia ccall wrapper and typed NativeCall cast
operation	VtSemiringVTable	release_values	abi-cast-semiring-release-values	abi_call_semiring_release_values	1	vt.semiring.val1	VtStatus (*release_values)(void* context, VtSemiringValue* values, size_t count)	:(Pointer, Pointer, size_t --> int32)	Cint Tuple{Ptr{Cvoid}, Ptr{VtSemiringValue}, Csize_t}	context:input:borrowed,values:inout:consumed,count:input:borrowed	caller-thread-synchronous	semiring	generated Julia ccall wrapper and typed NativeCall cast
operation	VtSemiringVTable	plus	abi-cast-semiring-plus	abi_call_semiring_plus	1	vt.semiring.val1	VtStatus (*plus)(void* context, const VtSemiringValue* left, const VtSemiringValue* right, VtSemiringValue* out_value)	:(Pointer, SemiringValue, SemiringValue, SemiringValue --> int32)	Cint Tuple{Ptr{Cvoid}, Ref{VtSemiringValue}, Ref{VtSemiringValue}, Ref{VtSemiringValue}}	context:input:borrowed,left:input:borrowed,right:input:borrowed,out_value:output:owned	caller-thread-synchronous	semiring	generated Julia ccall wrapper and typed NativeCall cast
operation	VtSemiringVTable	times	abi-cast-semiring-times	abi_call_semiring_times	1	vt.semiring.val1	VtStatus (*times)(void* context, const VtSemiringValue* left, const VtSemiringValue* right, VtSemiringValue* out_value)	:(Pointer, SemiringValue, SemiringValue, SemiringValue --> int32)	Cint Tuple{Ptr{Cvoid}, Ref{VtSemiringValue}, Ref{VtSemiringValue}, Ref{VtSemiringValue}}	context:input:borrowed,left:input:borrowed,right:input:borrowed,out_value:output:owned	caller-thread-synchronous	semiring	generated Julia ccall wrapper and typed NativeCall cast
operation	VtSemiringVTable	equal	abi-cast-semiring-equal	abi_call_semiring_equal	1	vt.semiring.val1	VtStatus (*equal)(void* context, const VtSemiringValue* left, const VtSemiringValue* right, uint8_t* out_equal)	:(Pointer, SemiringValue, SemiringValue, uint8 is rw --> int32)	Cint Tuple{Ptr{Cvoid}, Ref{VtSemiringValue}, Ref{VtSemiringValue}, Ref{UInt8}}	context:input:borrowed,left:input:borrowed,right:input:borrowed,out_equal:output:borrowed	caller-thread-synchronous	semiring	generated Julia ccall wrapper and typed NativeCall cast
operation	VtSemiringVTable	approx_equal	abi-cast-semiring-approx-equal	abi_call_semiring_approx_equal	1	vt.semiring.val1	VtStatus (*approx_equal)(void* context, const VtSemiringValue* left, const VtSemiringValue* right, double epsilon, uint8_t* out_equal)	:(Pointer, SemiringValue, SemiringValue, num64, uint8 is rw --> int32)	Cint Tuple{Ptr{Cvoid}, Ref{VtSemiringValue}, Ref{VtSemiringValue}, Float64, Ref{UInt8}}	context:input:borrowed,left:input:borrowed,right:input:borrowed,epsilon:input:borrowed,out_equal:output:borrowed	caller-thread-synchronous	semiring	generated Julia ccall wrapper and typed NativeCall cast
operation	VtSemiringVTable	natural_order	abi-cast-semiring-natural-order	abi_call_semiring_natural_order	1	vt.semiring.val1	VtStatus (*natural_order)(void* context, const VtSemiringValue* left, const VtSemiringValue* right, int32_t* out_order)	:(Pointer, SemiringValue, SemiringValue, int32 is rw --> int32)	Cint Tuple{Ptr{Cvoid}, Ref{VtSemiringValue}, Ref{VtSemiringValue}, Ref{Int32}}	context:input:borrowed,left:input:borrowed,right:input:borrowed,out_order:output:borrowed	caller-thread-synchronous	semiring	generated Julia ccall wrapper and typed NativeCall cast
operation	VtSemiringVTable	stable_bytes	abi-cast-semiring-stable-bytes	abi_call_semiring_stable_bytes	1	vt.semiring.val1	VtStatus (*stable_bytes)(void* context, const VtSemiringValue* value, uint8_t* out_bytes, size_t capacity, size_t* out_written, size_t* out_required)	:(Pointer, SemiringValue, Pointer, size_t, size_t is rw, size_t is rw --> int32)	Cint Tuple{Ptr{Cvoid}, Ref{VtSemiringValue}, Ptr{UInt8}, Csize_t, Ref{Csize_t}, Ref{Csize_t}}	context:input:borrowed,value:input:borrowed,out_bytes:output:borrowed,capacity:input:borrowed,out_written:output:borrowed,out_required:output:borrowed	caller-thread-synchronous	semiring	generated Julia ccall wrapper and typed NativeCall cast
operation	VtSemiringVTable	diagnostic	abi-cast-semiring-diagnostic	abi_call_semiring_diagnostic	1	vt.semiring.val1	VtStatus (*diagnostic)(void* context, const VtSemiringValue* value, uint8_t* out_bytes, size_t capacity, size_t* out_written, size_t* out_required)	:(Pointer, SemiringValue, Pointer, size_t, size_t is rw, size_t is rw --> int32)	Cint Tuple{Ptr{Cvoid}, Ref{VtSemiringValue}, Ptr{UInt8}, Csize_t, Ref{Csize_t}, Ref{Csize_t}}	context:input:borrowed,value:input:borrowed,out_bytes:output:borrowed,capacity:input:borrowed,out_written:output:borrowed,out_required:output:borrowed	caller-thread-synchronous	semiring	generated Julia ccall wrapper and typed NativeCall cast
operation	VtSemiringVTable	plus_many	abi-cast-semiring-plus-many	abi_call_semiring_plus_many	1	vt.semiring.val1	VtStatus (*plus_many)(void* context, const VtSemiringValue* values, size_t count, VtSemiringValue* out_value)	:(Pointer, Pointer, size_t, SemiringValue --> int32)	Cint Tuple{Ptr{Cvoid}, Ptr{VtSemiringValue}, Csize_t, Ref{VtSemiringValue}}	context:input:borrowed,values:input:borrowed,count:input:borrowed,out_value:output:owned	caller-thread-synchronous	semiring	generated Julia ccall wrapper and typed NativeCall cast
operation	VtSemiringVTable	times_many	abi-cast-semiring-times-many	abi_call_semiring_times_many	1	vt.semiring.val1	VtStatus (*times_many)(void* context, const VtSemiringValue* values, size_t count, VtSemiringValue* out_value)	:(Pointer, Pointer, size_t, SemiringValue --> int32)	Cint Tuple{Ptr{Cvoid}, Ptr{VtSemiringValue}, Csize_t, Ref{VtSemiringValue}}	context:input:borrowed,values:input:borrowed,count:input:borrowed,out_value:output:owned	caller-thread-synchronous	semiring	generated Julia ccall wrapper and typed NativeCall cast
operation	VtSemiringDivisionVTable	divide	abi-cast-semiring-division-divide	abi_call_semiring_division_divide	1	vt.semiring.div1	VtStatus (*divide)(void* context, const VtSemiringValue* dividend, const VtSemiringValue* divisor, VtSemiringValue* out_value)	:(Pointer, SemiringValue, SemiringValue, SemiringValue --> int32)	Cint Tuple{Ptr{Cvoid}, Ref{VtSemiringValue}, Ref{VtSemiringValue}, Ref{VtSemiringValue}}	context:input:borrowed,dividend:input:borrowed,divisor:input:borrowed,out_value:output:owned	caller-thread-synchronous	semiring-division	generated Julia ccall wrapper and typed NativeCall cast
operation	VtSemiringDivisionVTable	left_divide	abi-cast-semiring-division-left-divide	abi_call_semiring_division_left_divide	1	vt.semiring.div1	VtStatus (*left_divide)(void* context, const VtSemiringValue* value, const VtSemiringValue* divisor, VtSemiringValue* out_value)	:(Pointer, SemiringValue, SemiringValue, SemiringValue --> int32)	Cint Tuple{Ptr{Cvoid}, Ref{VtSemiringValue}, Ref{VtSemiringValue}, Ref{VtSemiringValue}}	context:input:borrowed,value:input:borrowed,divisor:input:borrowed,out_value:output:owned	caller-thread-synchronous	semiring-division	generated Julia ccall wrapper and typed NativeCall cast
operation	VtSemiringStarVTable	star	abi-cast-semiring-star-star	abi_call_semiring_star_star	1	vt.semiring.str1	VtStatus (*star)(void* context, const VtSemiringValue* value, VtSemiringValue* out_value)	:(Pointer, SemiringValue, SemiringValue --> int32)	Cint Tuple{Ptr{Cvoid}, Ref{VtSemiringValue}, Ref{VtSemiringValue}}	context:input:borrowed,value:input:borrowed,out_value:output:owned	caller-thread-synchronous	semiring-star	generated Julia ccall wrapper and typed NativeCall cast
operation	VtSemiringNumericVTable	numerical_value	abi-cast-semiring-numeric-numerical-value	abi_call_semiring_numeric_numerical_value	1	vt.semiring.num1	VtStatus (*numerical_value)(void* context, const VtSemiringValue* value, double* out_value)	:(Pointer, SemiringValue, num64 is rw --> int32)	Cint Tuple{Ptr{Cvoid}, Ref{VtSemiringValue}, Ref{Float64}}	context:input:borrowed,value:input:borrowed,out_value:output:borrowed	caller-thread-synchronous	semiring-numeric	generated Julia ccall wrapper and typed NativeCall cast
operation	VtSemiringNumericVTable	quantize	abi-cast-semiring-numeric-quantize	abi_call_semiring_numeric_quantize	1	vt.semiring.num1	VtStatus (*quantize)(void* context, const VtSemiringValue* value, double epsilon, int64_t* out_value)	:(Pointer, SemiringValue, num64, int64 is rw --> int32)	Cint Tuple{Ptr{Cvoid}, Ref{VtSemiringValue}, Float64, Ref{Int64}}	context:input:borrowed,value:input:borrowed,epsilon:input:borrowed,out_value:output:borrowed	caller-thread-synchronous	semiring-numeric	generated Julia ccall wrapper and typed NativeCall cast
operation	VtSemiringNumericVTable	to_probability	abi-cast-semiring-numeric-to-probability	abi_call_semiring_numeric_to_probability	1	vt.semiring.num1	VtStatus (*to_probability)(void* context, const VtSemiringValue* value, double* out_value)	:(Pointer, SemiringValue, num64 is rw --> int32)	Cint Tuple{Ptr{Cvoid}, Ref{VtSemiringValue}, Ref{Float64}}	context:input:borrowed,value:input:borrowed,out_value:output:borrowed	caller-thread-synchronous	semiring-numeric	generated Julia ccall wrapper and typed NativeCall cast
operation	VtSemiringPropertiesVTable	closure_bound	abi-cast-semiring-properties-closure-bound	abi_call_semiring_properties_closure_bound	1	vt.semiring.prp1	VtStatus (*closure_bound)(void* context, size_t* out_bound, uint8_t* out_known)	:(Pointer, size_t is rw, uint8 is rw --> int32)	Cint Tuple{Ptr{Cvoid}, Ref{Csize_t}, Ref{UInt8}}	context:input:borrowed,out_bound:output:borrowed,out_known:output:borrowed	caller-thread-synchronous	semiring-properties	generated Julia ccall wrapper and typed NativeCall cast
